TS-21085,Thais Sissman,3238,2,4.83,1,1,1,111,Lost customers
LD-16855,Lela Donovan,3433,1,5.3,1,1,1,111,Lost customers
CJ-11875,Carl Jackson,3246,1,16.52,1,1,1,111,Lost customers
MG-18205,Mitch Gastineau,3145,1,16.74,1,1,1,111,Lost customers
RS-19870,Roy Skaria,2900,2,22.33,5,1,1,511,New Customers
SG-20890,Susan Gilcrest,3107,3,47.95,1,1,1,111,Lost customers
RE-19405,Ricardo Emerson,3978,1,48.36,1,1,1,111,Lost customers
LB-16735,Larry Blacks,2929,3,50.19,4,1,1,411,New Customers
AS-10135,Adrian Shami,2922,2,58.82,4,1,1,411,New Customers
JC-15340,Jasper Cacioppo,2995,4,71.26,2,1,1,211,Hibernating customers
FW-14395,Fred Wasserman,3243,3,79.75,1,1,1,111,Lost customers
AR-10570,Anemone Ratner,3415,1,88.15,1,1,1,111,Lost customers
KS-16300,Karen Seio,3176,3,88.47,1,1,1,111,Lost customers
RM-19750,Roland Murray,3180,1,98.35,1,1,1,111,Lost customers
CC-12550,Clay Cheatham,2908,3,113.83,4,1,1,411,New Customers
EL-13735,Ed Ludwig,2958,2,124.28,3,1,1,311,New Customers
BO-11425,Bobby Odegard,2956,2,130.83,3,1,1,311,New Customers
PB-19210,Phillip Breyer,3569,2,132.74,1,1,1,111,Lost customers
GH-14665,Greg Hansen,2883,2,146.94,5,1,1,511,New Customers
MO-17950,Michael Oakman,3061,2,154.29,2,1,1,211,Hibernating customers
DA-13450,Dianna Arnett,3233,4,156.76,1,2,1,121,Lost customers
PT-19090,Pete Takahito,2952,4,160.57,3,1,1,311,New Customers
AO-10810,Anthony O'Donnell,3382,1,161.28,1,1,1,111,Lost customers
ML-18265,Muhammed Lee,2981,2,162.23,3,1,1,311,New Customers
AG-10765,Anthony Garverick,2958,4,170.58,3,1,1,311,New Customers
JJ-15760,Joel Jenkins,3634,2,195,1,1,1,111,Lost customers
AG-10390,Allen Goldenen,2995,5,200.94,2,2,1,221,About To Sleep
HH-15010,Hilary Holden,2953,2,218.67,3,1,1,311,New Customers
RB-19645,Robert Barroso,3529,5,221.08,1,2,1,121,Lost customers
GT-14755,Guy Thornton,2915,4,226.44,4,1,1,411,New Customers
EM-14065,Erin Mull,2928,4,228.99,4,1,1,411,New Customers
GP-14740,Guy Phonely,3646,2,236.53,1,1,1,111,Lost customers
PL-18925,Paul Lucas,2896,5,239.48,5,2,1,521,Promising
SM-20005,Sally Matthias,3302,4,244.49,1,2,1,121,Lost customers
HD-14785,Harold Dahlen,3650,3,251.36,1,1,1,111,Lost customers
AR-10510,Andrew Roberts,2895,5,264.86,5,2,1,521,Promising
BN-11470,Brad Norvell,2905,4,265.3,5,2,1,521,Promising
DD-13570,Dorothy Dickinson,2922,6,269.54,4,3,1,431,Potential Loyalist
BF-11080,Bart Folk,2906,3,272.95,5,1,1,511,New Customers
NB-18580,Nicole Brennan,4046,2,273.87,1,1,1,111,Lost customers
SC-20800,Stuart Calhoun,2911,4,279.26,4,1,1,411,New Customers
SC-20845,Sung Chung,3012,2,280.63,2,1,1,211,Hibernating customers
LH-16750,Larry Hughes,3032,3,287.43,2,1,1,211,Hibernating customers
CM-12445,Chuck Magee,3317,3,287.99,1,1,1,111,Lost customers
JM-15580,Jill Matthias,2881,5,303.95,5,2,1,521,Promising
JH-15430,Jennifer Halladay,2886,4,309.28,5,2,1,521,Promising
LH-17020,Lisa Hazard,3120,4,318.24,1,2,1,121,Lost customers
BD-11560,Brendan Dodson,3159,2,320.54,1,1,1,111,Lost customers
LT-16765,Larry Tron,2907,3,329.88,5,1,1,511,New Customers
DW-13540,Don Weiss,2979,5,344.08,3,2,1,321,About To Sleep
HJ-14875,Heather Jas,3007,5,358.1,2,2,1,221,About To Sleep
EM-14200,Evan Minnotte,3039,3,366.82,2,1,1,211,Hibernating customers
AG-10300,Aleksandra Gannaway,2999,4,367.55,2,1,1,211,Hibernating customers
LS-17230,Lycoris Saunders,3658,3,368.88,1,1,1,111,Lost customers
MS-17830,Melanie Seite,3333,4,370.35,1,2,1,121,Lost customers
NF-18475,Neil Franzosisch,3406,4,377.16,1,2,1,121,Lost customers
VM-21835,Vivian Mathis,2998,5,380.69,2,2,1,221,About To Sleep
JK-15325,Jason Klamczynski,3168,3,383.81,1,1,1,111,Lost customers
JD-16015,Joy Daniels,2993,6,385.43,2,3,1,231,About To Sleep
JD-16015,Joy Daniels,2993,6,385.43,2,3,1,231,Hibernating customers
BW-11065,Barry Weirich,3093,3,385.52,2,1,1,211,Hibernating customers
MH-17440,Mark Haberlin,3257,4,400.02,1,2,1,121,Lost customers
BT-11485,Brad Thomas,3540,2,415.2,1,1,1,111,Lost customers
SS-20590,Sonia Sunley,3313,6,418.49,1,3,1,131,Lost customers
VG-21805,Vivek Grady,3167,5,427.37,1,2,1,121,Lost customers
ST-20530,Shui Tom,3006,7,433.34,2,4,1,241,About To Sleep
ST-20530,Shui Tom,3006,7,433.34,2,4,1,241,Hibernating customers
TT-21265,Tim Taslimi,3287,3,439.5,1,1,1,111,Lost customers
KW-16570,Kelly Williams,3652,4,449.1,1,2,1,121,Lost customers
KM-16660,Khloe Miller,2896,5,453.54,5,2,1,521,Promising
EC-14050,Erin Creighton,2934,5,461.91,3,2,1,321,About To Sleep
JS-15940,Joni Sundaresam,3344,5,469.17,1,2,1,121,Lost customers
MS-17530,MaryBeth Skach,3315,4,475.66,1,2,1,121,Lost customers
CR-12625,Corey Roper,3351,3,475.9,1,1,1,111,Lost customers
AY-10555,Andy Yotov,2895,4,497.01,5,2,1,521,Promising
RB-19570,Rob Beeghly,2906,5,528.55,5,2,1,521,Promising
JH-15820,John Huston,3055,6,528.91,2,3,1,231,About To Sleep
JH-15820,John Huston,3055,6,528.91,2,3,1,231,Hibernating customers
CS-11860,Cari Schnelling,3043,6,537.63,2,3,1,231,About To Sleep
CS-11860,Cari Schnelling,3043,6,537.63,2,3,1,231,Hibernating customers
CS-12460,Chuck Sachs,2908,2,550.64,4,1,1,411,New Customers
CM-11935,Carlos Meador,3589,2,565.39,1,1,1,111,Lost customers
NK-18490,Neil Knudson,2951,7,572.05,3,4,1,341,Potential Loyalist
BD-11635,Brian Derr,2890,3,582.65,5,1,1,511,New Customers
AS-10240,Alan Shonely,3073,7,584.61,2,4,1,241,About To Sleep
AS-10240,Alan Shonely,3073,7,584.61,2,4,1,241,Hibernating customers
DL-13330,Denise Leinenbach,2938,4,585.02,3,1,1,311,New Customers
MZ-17335,Maria Zettner,2911,4,593.61,4,2,1,421,New Customers
BF-10975,Barbara Fisher,2972,7,599.8,3,4,1,341,Potential Loyalist
BT-11440,Bobby Trafton,3441,4,603.88,1,2,1,121,Lost customers
SS-20515,Shirley Schmidt,3372,3,613.4,1,1,1,111,Lost customers
RR-19315,Ralph Ritter,2900,2,615.93,5,1,1,511,New Customers
AJ-10960,Astrea Jones,2955,3,629.25,3,1,1,311,New Customers
MR-17545,Mathew Reese,3006,4,639.18,2,1,1,211,Hibernating customers
CD-11980,Carol Darley,2935,3,639.77,3,1,1,311,New Customers
JB-16000,Joy Bell-,2924,7,644.12,4,4,1,441,Potential Loyalist
LO-17170,Lori Olson,2883,5,644.35,5,2,1,521,Promising
AW-10840,Anthony Witt,2901,4,649.38,5,2,1,521,Promising
AC-10660,Anna Chung,3163,5,657.32,1,2,1,121,Lost customers
BD-11770,Bryan Davis,3208,6,658.47,1,3,1,131,Lost customers
BK-11260,Berenike Kampe,2958,6,659.14,3,3,1,331,About To Sleep
AG-10330,Alex Grayson,2889,4,660.97,5,2,1,521,Promising
TR-21325,Toby Ritter,3074,5,675.94,2,2,1,221,About To Sleep
EH-13945,Eric Hoffmann,3098,8,684.17,2,4,1,241,About To Sleep
EH-13945,Eric Hoffmann,3098,8,684.17,2,4,1,241,Hibernating customers
PB-19105,Peter Buhler,2938,4,688.32,3,1,1,311,New Customers
JD-16060,Julia Dunbar,3181,3,695.44,1,1,1,111,Lost customers
JJ-15445,Jennifer Jackson,3364,5,709.18,1,2,1,121,Lost customers
PA-19060,Pete Armstrong,2984,6,729.41,2,3,1,231,About To Sleep
PA-19060,Pete Armstrong,2984,6,729.41,2,3,1,231,Hibernating customers
PH-18790,Patricia Hirasaki,2951,1,729.65,3,1,1,311,New Customers
HM-14980,Henry MacAllister,3128,4,736.28,1,1,1,111,Lost customers
AH-10585,Angele Hood,2902,4,738.5,5,2,1,521,Promising
PB-18805,Patrick Bzostek,2906,3,740.36,5,1,1,511,New Customers
RH-19555,Ritsa Hightower,3400,2,740.38,1,1,1,111,Lost customers
ML-18040,Michelle Lonsdale,2960,3,742.08,3,1,1,311,New Customers
TC-21535,Tracy Collins,2885,7,742.56,5,3,1,531,Potential Loyalist
BB-10990,Barry Blumstein,2986,5,744.34,2,2,1,221,About To Sleep
IG-15085,Ivan Gibson,2952,4,744.57,3,1,1,311,New Customers
Dl-13600,Dorris liebe,3000,5,755.6,2,2,1,221,About To Sleep
LP-17080,Liz Pelletier,2921,4,756.61,4,1,1,411,New Customers
SW-20755,Steven Ward,3415,2,758.7,1,1,1,111,Lost customers
SF-20065,Sandra Flanagan,2940,7,763.55,3,4,1,341,Potential Loyalist
MM-18280,Muhammed MacIntyre,2966,9,775.41,3,5,1,351,Potential Loyalist
MG-17890,Michael Granlund,2980,9,776.38,3,5,1,351,Potential Loyalist
HG-14845,Harry Greene,2935,5,785.63,3,2,1,321,About To Sleep
BF-11275,Beth Fritzler,2938,3,791.99,3,1,1,311,New Customers
MC-17635,Matthew Clasen,3070,4,795.15,2,1,1,211,Hibernating customers
DK-13150,David Kendrick,2891,2,797.83,5,1,1,511,New Customers
BM-11575,Brendan Murry,2981,6,808.16,3,3,1,331,About To Sleep
AM-10360,Alice McCarthy,2909,5,814.01,4,2,1,421,New Customers
TB-21190,Thomas Brumley,2930,4,816.17,4,1,1,411,New Customers
EH-13990,Erica Hackney,3286,6,825.95,1,3,1,131,Lost customers
AS-10630,Ann Steele,2973,7,833.4,3,4,1,341,Potential Loyalist
TB-21355,Todd Boyes,3027,5,834.33,2,2,1,221,About To Sleep
CS-12175,Charles Sheldon,3113,5,844.46,1,2,1,121,Lost customers
VG-21790,Vivek Gonzalez,3035,6,846.01,2,3,1,231,About To Sleep
VG-21790,Vivek Gonzalez,3035,6,846.01,2,3,1,231,Hibernating customers
VF-21715,Vicky Freymann,2894,5,847.94,5,2,1,521,Promising
MS-17980,Michael Stewart,2907,6,855.12,5,3,1,531,Potential Loyalist
JC-16105,Julie Creighton,2938,5,858.58,3,2,1,321,About To Sleep
AF-10885,Art Foster,3296,4,861.57,1,2,1,121,Lost customers
JR-15700,Jocasta Rupert,2949,1,863.88,3,1,1,311,New Customers
JM-15655,Jim Mitchum,2889,5,864.95,5,2,1,521,Promising
RE-19450,Richard Eichhorn,3183,5,876.7,1,2,1,121,Lost customers
SK-19990,Sally Knutson,2889,3,883.41,5,1,1,511,New Customers
HE-14800,Harold Engle,2893,4,883.53,5,2,1,521,Promising
CS-12130,Chad Sievert,3370,4,884.64,1,2,1,121,Lost customers
RC-19960,Ryan Crowe,2991,6,885.75,2,3,1,231,About To Sleep
RC-19960,Ryan Crowe,2991,6,885.75,2,3,1,231,Hibernating customers
AB-10015,Aaron Bergman,3296,3,886.16,1,1,1,111,Lost customers
HZ-14950,Henia Zydlo,2916,5,886.52,4,2,1,421,New Customers
JB-15925,Joni Blumstein,3618,3,900.55,1,1,1,111,Lost customers
SC-20575,Sonia Cooley,2973,5,902.73,3,2,1,321,About To Sleep
CG-12040,Catherine Glotzbach,2930,6,904.47,4,3,1,431,Potential Loyalist
KB-16405,Katrina Bavinger,2998,3,908.82,2,1,1,211,Hibernating customers
AB-10255,Alejandro Ballentine,3047,9,914.53,2,5,1,251,About To Sleep
AB-10255,Alejandro Ballentine,3047,9,914.53,2,5,1,251,Hibernating customers
MO-17500,Mary O'Rourke,2953,4,922.49,3,1,1,311,New Customers
EH-14185,Evan Henry,2986,6,923.88,2,3,1,231,About To Sleep
EH-14185,Evan Henry,2986,6,923.88,2,3,1,231,Hibernating customers
AC-10420,Alyssa Crouse,3113,3,925.8,1,1,1,111,Lost customers
EM-13960,Eric Murdock,3032,4,933.7,2,1,1,211,Hibernating customers
MF-17665,Maureen Fritzler,3302,5,937.04,1,2,1,121,Lost customers
EB-13930,Eric Barreto,3042,5,944.6,2,2,1,221,About To Sleep
RF-19840,Roy Franzosisch,2887,8,945.22,5,4,1,541,Potential Loyalist
BS-11800,Bryan Spruell,3146,2,949.43,1,1,1,111,Lost customers
RP-19270,Rachel Payne,3377,4,954.65,1,2,1,121,Lost customers
JF-15295,Jason Fortune-,3106,5,955.12,1,2,1,121,Lost customers
JH-15910,Jonathan Howell,2922,7,959.48,4,4,1,441,Potential Loyalist
SS-20875,Sung Shariari,3001,5,964.64,2,2,2,222,Hibernating customers
RC-19825,Roy Collins,3250,6,966.41,1,3,2,132,Hibernating customers
AB-10150,Aimee Bixby,2922,5,966.71,4,2,2,422,New Customers
RD-19930,Russell D'Ascenzo,2923,4,970.94,4,1,2,412,New Customers
TS-21340,Toby Swindell,3107,5,974.78,1,2,2,122,Hibernating customers
BP-11050,Barry Pond,2964,5,983.42,3,3,2,332,Hibernating customers
KB-16600,Ken Brennan,2882,7,983.92,5,3,2,532,Potential Loyalist
VP-21730,Victor Preis,2911,3,993.9,4,1,2,412,New Customers
BG-11740,Bruce Geld,2938,6,1006.36,3,3,2,332,Hibernating customers
LS-17245,Lynn Smith,2915,6,1008.14,4,3,2,432,Potential Loyalist
RB-19330,Randy Bradley,2949,2,1008.2,3,1,2,312,About To Sleep
LS-17200,Luke Schmidt,2977,6,1010.26,3,3,2,332,Hibernating customers
SW-20350,Sean Wendt,3043,3,1019.04,2,1,2,212,Hibernating customers
TH-21235,Tiffany House,2998,8,1022.2,2,4,2,242,At Risk
MK-18160,Mike Kennedy,3121,4,1031.6,1,1,2,112,Lost customers
TC-21145,Theresa Coyne,2987,1,1038.26,2,1,2,212,Hibernating customers
EM-14095,Eudokia Martin,2994,4,1041.04,2,1,2,212,Hibernating customers
SM-20905,Susan MacKendrick,3487,1,1043.04,1,1,2,112,Lost customers
DH-13675,Duane Huffman,3657,4,1043.1,1,2,2,122,Hibernating customers
DP-13000,Darren Powers,3007,9,1050.64,2,5,2,252,At Risk
AR-10345,Alex Russell,2992,4,1055.69,2,1,2,212,Hibernating customers
VS-21820,Vivek Sundaresam,3102,4,1055.98,2,1,2,212,Hibernating customers
AA-10375,Allen Armold,2900,9,1056.39,5,5,2,552,Potential Loyalist
PO-19195,Phillina Ober,2967,5,1056.86,3,3,2,332,Hibernating customers
JC-15385,Jenna Caffey,3056,1,1058.11,2,1,2,212,Hibernating customers
DP-13165,David Philippe,3693,2,1058.62,1,1,2,112,Lost customers
PC-19000,Pauline Chand,3763,2,1061.49,1,1,2,112,Lost customers
CS-12490,Cindy Schnelling,3305,4,1077.23,1,2,2,122,Hibernating customers
DW-13195,David Wiener,2950,6,1080.75,3,3,2,332,Hibernating customers
DB-13360,Dennis Bolton,3145,5,1081.47,1,2,2,122,Hibernating customers
JF-15490,Jeremy Farry,3002,11,1082.92,2,5,2,252,At Risk
SW-20245,Scot Wooten,2962,7,1085.08,3,4,2,342,Potential Loyalist
JO-15550,Jesus Ocampo,3096,5,1090.84,2,2,2,222,Hibernating customers
TM-21490,Tony Molinari,3011,3,1094.68,2,1,2,212,Hibernating customers
AB-10165,Alan Barnes,2906,8,1113.84,5,4,2,542,Potential Loyalist
DV-13045,Darrin Van Huff,2900,5,1119.48,5,2,2,522,Promising
JS-15685,Jim Sink,2923,4,1131.06,4,1,2,412,New Customers
CW-11905,Carl Weiss,2903,6,1136.59,5,3,2,532,Potential Loyalist
RD-19810,Ross DeVincentis,2895,8,1137.62,5,4,2,542,Potential Loyalist
KC-16675,Kimberly Carter,2938,4,1146.05,3,1,2,312,About To Sleep
CG-12520,Claire Gute,3219,3,1148.78,1,1,2,112,Lost customers
DB-13660,Duane Benoit,2893,7,1155.2,5,3,2,532,Potential Loyalist
JR-15670,Jim Radford,3474,2,1156.66,1,1,2,112,Lost customers
AT-10435,Alyssa Tate,2902,6,1171.81,5,3,2,532,Potential Loyalist
DC-13285,Debra Catini,2904,5,1174.62,5,2,2,522,Promising
BP-11230,Benjamin Patterson,2920,5,1181.49,4,2,2,422,New Customers
EB-14170,Evan Bailliet,2963,6,1186.33,3,3,2,332,Hibernating customers
DW-13585,Dorothy Wardle,3123,7,1204.85,1,4,2,142,At Risk
MD-17860,Michael Dominguez,2917,5,1204.91,4,2,2,422,New Customers
CD-12280,Christina DeMoss,2923,2,1205.58,4,1,2,412,New Customers
JL-15130,Jack Lebron,2889,6,1214.96,5,3,2,532,Potential Loyalist
EH-14005,Erica Hernandez,2883,7,1219.53,5,3,2,532,Potential Loyalist
PJ-18835,Patrick Jones,2920,7,1220.09,4,4,2,442,Potential Loyalist
NP-18685,Nora Pelletier,3287,6,1228.7,1,3,2,132,Hibernating customers
MG-17875,Michael Grace,2997,5,1242.83,2,2,2,222,Hibernating customers
JW-15955,Joni Wasserman,2886,7,1244.09,5,3,2,532,Potential Loyalist
TC-21475,Tony Chapman,3034,9,1244.98,2,5,2,252,At Risk
ER-13855,Elpida Rittenbach,3302,3,1245.79,1,1,2,112,Lost customers
MH-17620,Matt Hagelstein,3036,4,1252.8,2,1,2,212,Hibernating customers
SC-20680,Steve Carroll,3007,6,1254.64,2,3,2,232,Hibernating customers
GM-14500,Gene McClure,2987,10,1255.68,2,5,2,252,At Risk
ME-18010,Michelle Ellison,2973,4,1256.94,3,1,2,312,About To Sleep
LW-17125,Liz Willingham,3086,3,1259.04,2,1,2,212,Hibernating customers
CL-11890,Carl Ludwig,2987,4,1262.01,2,1,2,212,Hibernating customers
DO-13645,Doug O'Connell,2907,7,1267.32,4,3,2,432,Potential Loyalist
SV-20815,Stuart Van,2957,4,1271.09,3,1,2,312,About To Sleep
PS-18970,Paul Stevenson,2950,8,1278.64,3,4,2,342,Potential Loyalist
CS-11845,Cari Sayre,2972,5,1278.95,3,3,2,332,Hibernating customers
GR-14560,Georgia Rosenberg,4016,2,1284.38,1,1,2,112,Lost customers
HR-14770,Hallie Redmond,2894,5,1299.29,5,2,2,522,Promising
DO-13435,Denny Ordway,3014,9,1300.03,2,5,2,252,At Risk
Co-12640,Corey-Lock,3430,5,1300.08,1,2,2,122,Hibernating customers
EK-13795,Eileen Kiefer,2925,4,1303.48,4,1,2,412,New Customers
MC-17575,Matt Collins,2908,8,1303.89,4,4,2,442,Potential Loyalist
SP-20545,Sibella Parks,3208,6,1306.09,1,3,2,132,Hibernating customers
MM-17260,Magdelene Morse,3049,4,1314.02,2,1,2,212,Hibernating customers
SJ-20500,Shirley Jackson,3134,5,1318.78,1,2,2,122,Hibernating customers
MT-18070,Michelle Tran,3084,4,1319.45,2,1,2,212,Hibernating customers
DM-12955,Dario Medina,2995,7,1322.03,2,4,2,242,At Risk
SS-20140,Saphhira Shifley,2896,8,1324.03,5,4,2,542,Potential Loyalist
BF-11005,Barry Franz,2920,4,1333.88,4,1,2,412,New Customers
BM-11785,Bryan Mills,3099,10,1338.84,2,5,2,252,At Risk
SJ-20215,Sarah Jordon,2910,6,1341.04,4,3,2,432,Potential Loyalist
MG-17695,Maureen Gnade,3436,3,1342.28,1,1,2,112,Lost customers
LM-17065,Liz MacKendrick,3272,5,1346.77,1,2,2,122,Hibernating customers
SB-20170,Sarah Bern,3082,3,1348.02,2,1,2,212,Hibernating customers
GH-14485,Gene Hale,3268,2,1361.24,1,1,2,112,Lost customers
DM-13525,Don Miller,3362,3,1376.79,1,1,2,112,Lost customers
FG-14260,Frank Gastineau,2915,7,1383.14,4,4,2,442,Potential Loyalist
TB-21595,Troy Blackwell,3166,5,1387.56,1,2,2,122,Hibernating customers
JE-15475,Jeremy Ellison,3074,6,1388.68,2,3,2,232,Hibernating customers
NG-18430,Nathan Gelder,2929,5,1395.94,4,2,2,422,New Customers
CR-12820,Cyra Reiten,2966,3,1397.87,3,1,2,312,About To Sleep
GA-14725,Guy Armstrong,2886,11,1398.38,5,5,2,552,Potential Loyalist
PM-18940,Paul MacIntyre,3267,3,1405.4,1,1,2,112,Lost customers
JS-15595,Jill Stevenson,3000,4,1417.65,2,1,2,212,Hibernating customers
NL-18310,Nancy Lomonaco,2939,4,1418.09,3,1,2,312,About To Sleep
RD-19720,Roger Demir,2902,10,1419.74,5,5,2,552,Potential Loyalist
CA-12310,Christine Abelman,2894,4,1421.95,5,2,2,522,Promising
TT-21220,Thomas Thornton,3064,8,1427.04,2,4,2,242,At Risk
MB-18085,Mick Brown,2925,7,1428.23,4,4,2,442,Potential Loyalist
JW-16075,Julia West,3342,4,1428.73,1,2,2,122,Hibernating customers
TD-20995,Tamara Dahlen,2918,9,1434.55,4,5,2,452,Potential Loyalist
PK-18910,Paul Knutson,3364,2,1441.15,1,1,2,112,Lost customers
RM-19375,Raymond Messe,3226,6,1453.47,1,3,2,132,Hibernating customers
AG-10525,Andy Gerbode,3726,4,1455.04,1,2,2,122,Hibernating customers
PB-19150,Philip Brown,2978,8,1456.95,3,4,2,342,Potential Loyalist
DL-13315,Delfina Latchford,2903,8,1458.26,5,4,2,542,Potential Loyalist
BN-11515,Bradley Nguyen,2890,5,1459.34,5,2,2,522,Promising
RK-19300,Ralph Kennedy,3000,3,1460.19,2,1,2,212,Hibernating customers
PN-18775,Parhena Norris,2911,8,1467.15,4,4,2,442,Potential Loyalist
TB-21055,Ted Butterfield,3000,5,1467.88,2,2,2,222,Hibernating customers
LE-16810,Laurel Elliston,2902,6,1469.45,5,3,2,532,Potential Loyalist
CM-12190,Charlotte Melton,2889,6,1475.14,5,3,2,532,Potential Loyalist
ZD-21925,Zuschuss Donatelli,3083,5,1493.94,2,2,2,222,Hibernating customers
DL-12865,Dan Lawera,2981,8,1503.11,3,4,2,342,Potential Loyalist
JG-15805,John Grady,3104,6,1507.02,2,3,2,232,Hibernating customers
AB-10600,Ann Blume,2931,4,1515.86,4,1,2,412,New Customers
KA-16525,Kelly Andreada,2917,7,1519.51,4,4,2,442,Potential Loyalist
BV-11245,Benjamin Venier,3215,5,1523.27,1,2,2,122,Hibernating customers
BD-11725,Bruce Degenhardt,2974,6,1526.5,3,3,2,332,Hibernating customers
CH-12070,Cathy Hwang,3572,3,1537.24,1,1,2,112,Lost customers
BD-11620,Brian DeCherney,2950,6,1538.11,3,3,2,332,Hibernating customers
MB-17305,Maria Bertelson,2929,10,1548.7,4,5,2,452,Potential Loyalist
MV-17485,Mark Van Huff,2908,9,1560.05,4,5,2,452,Potential Loyalist
ON-18715,Odella Nelson,3291,9,1567.52,1,5,2,152,At Risk
GB-14530,George Bell,2943,11,1568.44,3,5,2,352,Potential Loyalist
KB-16315,Karl Braun,3177,9,1569.46,1,5,2,152,At Risk
JL-15175,James Lanier,2887,5,1571.52,5,2,2,522,Promising
MC-18130,Mike Caudle,3250,5,1582,1,2,2,122,Hibernating customers
CK-12760,Cyma Kinney,2963,9,1582.11,3,5,2,352,Potential Loyalist
BF-11215,Benjamin Farhat,2946,4,1585.16,3,1,2,312,About To Sleep
AH-10195,Alan Haines,2936,4,1587.45,3,1,2,312,About To Sleep
CR-12730,Craig Reiter,2959,4,1600.55,3,1,2,312,About To Sleep
TB-21250,Tim Brockman,3230,7,1602.38,1,3,2,132,Hibernating customers
MS-17710,Maurice Satty,3294,6,1613.4,1,3,2,132,Hibernating customers
AZ-10750,Annie Zypern,3041,6,1622.02,2,3,2,232,Hibernating customers
AP-10720,Anne Pryor,2922,8,1638.55,4,4,2,442,Potential Loyalist
EB-13975,Erica Bern,2881,4,1643.26,5,2,2,522,Promising
CC-12475,Cindy Chapman,2920,9,1659.44,4,5,2,452,Potential Loyalist
CM-12115,Chad McGuire,2889,4,1661.61,5,2,2,522,Promising
JP-15460,Jennifer Patt,2918,7,1669.14,4,4,2,442,Potential Loyalist
CM-11815,Candace McMahon,3012,6,1673.89,2,3,2,232,Hibernating customers
CA-12055,Cathy Armstrong,3282,5,1679.72,1,2,2,122,Hibernating customers
KE-16420,Katrina Edelman,2907,8,1686.73,5,4,2,542,Potential Loyalist
RA-19945,Ryan Akin,2942,5,1686.92,3,3,2,332,Hibernating customers
MO-17800,Meg O'Connel,2985,8,1687.03,2,4,2,242,At Risk
DK-12985,Darren Koutras,2888,5,1687.04,5,2,2,522,Promising
BP-11155,Becky Pak,2970,6,1697.86,3,3,2,332,Hibernating customers
TZ-21580,Tracy Zic,2916,4,1707.29,4,1,2,412,New Customers
JP-16135,Julie Prescott,2983,9,1707.71,3,5,2,352,Potential Loyalist
DB-13405,Denny Blanton,3068,4,1711.69,2,1,2,212,Hibernating customers
BE-11455,Brad Eason,3135,5,1727.65,1,2,2,122,Hibernating customers
JM-15535,Jessica Myrick,2983,7,1733.44,3,4,2,342,Potential Loyalist
MV-18190,Mike Vittorini,2900,7,1734.57,5,3,2,532,Potential Loyalist
AH-10120,Adrian Hane,2941,7,1735.51,3,4,2,342,Potential Loyalist
VT-21700,Valerie Takahito,3881,2,1736.6,1,1,2,112,Lost customers
BW-11200,Ben Wallace,3084,5,1738.41,2,2,2,222,Hibernating customers
LH-17155,Logan Haushalter,3266,9,1739.69,1,5,2,152,At Risk
AH-10030,Aaron Hawkins,2893,7,1744.7,5,3,3,533,Potential Loyalist
MF-18250,Monica Federle,2888,5,1758.3,5,2,3,523,Promising
DS-13030,Darrin Sayre,2974,4,1762.21,3,1,3,313,Promising
CC-12100,Chad Cunningham,3338,6,1770.95,1,3,3,133,At Risk
AA-10480,Andrew Allen,3140,4,1790.51,1,1,3,113,Cannot Lose Them
JB-15400,Jennifer Braxton,2888,9,1791.6,5,5,3,553,Potential Loyalist
JM-15265,Janet Molinari,2918,5,1804.15,4,2,3,423,Potential Loyalist
NC-18625,Noah Childs,3085,5,1821.74,2,2,3,223,Hibernating customers
PJ-19015,Pauline Johnson,3015,7,1824.23,2,4,3,243,At Risk
EG-13900,Emily Grady,2903,5,1832.02,5,2,3,523,Promising
PC-18745,Pamela Coakley,2883,4,1832.06,5,2,3,523,Promising
AJ-10945,Ashley Jarboe,2966,7,1839.24,3,4,3,343,Need Attention
PR-18880,Patrick Ryan,2917,5,1840.18,4,2,3,423,Potential Loyalist
SN-20560,Skye Norling,2992,6,1860.42,2,3,3,233,Hibernating customers
CD-12790,Cynthia Delaney,3280,5,1860.73,1,2,3,123,Hibernating customers
NG-18355,Nat Gilpin,2929,5,1869.58,4,2,3,423,Potential Loyalist
SP-20650,Stephanie Phelps,3267,9,1872.44,1,5,3,153,At Risk
BG-11695,Brooke Gillingham,2917,6,1874.17,4,3,3,433,Potential Loyalist
SC-20440,Shaun Chance,2917,7,1875,4,4,3,443,Need Attention
LR-17035,Lisa Ryan,3013,5,1879.31,2,2,3,223,Hibernating customers
SG-20470,Sheri Gordon,3064,8,1884.8,2,4,3,243,At Risk
GD-14590,Giulietta Dortch,2886,4,1888.07,5,2,3,523,Promising
KD-16345,Katherine Ducich,2922,6,1888.96,4,3,3,433,Potential Loyalist
SV-20935,Susan Vittorini,2883,8,1903.49,5,4,3,543,Loyal
ME-17725,Max Engle,2909,8,1908.45,4,4,3,443,Need Attention
JF-15355,Jay Fein,2986,6,1911.84,2,3,3,233,Hibernating customers
JO-15280,Jas O'Carroll,2973,6,1934.27,3,3,3,333,Potential Loyalist
TP-21565,Tracy Poddar,3231,4,1936.64,1,2,3,123,Hibernating customers
CB-12415,Christy Brittain,2907,8,1949.2,4,4,3,443,Need Attention
LD-17005,Lisa DeCherney,3295,4,1961.93,1,2,3,123,Hibernating customers
SW-20275,Scott Williamson,2911,6,1966.65,4,3,3,433,Potential Loyalist
NB-18655,Nona Balk,2900,9,1972.6,5,5,3,553,Potential Loyalist
PG-18895,Paul Gonzalez,2938,9,1987.16,3,5,3,353,Potential Loyalist
DB-13615,Doug Bickford,2914,7,1989.05,4,4,3,443,Need Attention
HP-14815,Harold Pawlan,2911,7,1990.31,4,3,3,433,Potential Loyalist
VB-21745,Victoria Brennan,2935,6,2005.6,3,3,3,333,Potential Loyalist
DJ-13420,Denny Joy,3518,4,2012.52,1,2,3,123,Hibernating customers
NF-18595,Nicole Fjeld,2995,7,2031.47,2,4,3,243,At Risk
CD-11920,Carlos Daly,2921,5,2033.97,4,2,3,423,Potential Loyalist
AF-10870,Art Ferguson,2922,7,2052.91,4,4,3,443,Need Attention
TS-21430,Tom Stivers,3053,5,2054.14,2,2,3,223,Hibernating customers
RB-19705,Roger Barcio,2935,4,2067.45,3,1,3,313,Promising
ML-17755,Max Ludwig,2910,7,2071.91,4,3,3,433,Potential Loyalist
TG-21640,Trudy Glocke,2995,4,2074.66,2,1,3,213,About To Sleep
RH-19600,Rob Haberlin,3415,3,2085.74,1,1,3,113,Cannot Lose Them
LC-17050,Liz Carlisle,2935,5,2095.06,3,2,3,323,Potential Loyalist
SH-20635,Stefanie Holloman,3646,2,2096.39,1,1,3,113,Cannot Lose Them
KC-16255,Karen Carlisle,3288,6,2120.95,1,3,3,133,At Risk
DN-13690,Duane Noonan,3098,7,2139.79,2,4,3,243,At Risk
CR-12580,Clay Rozendal,2938,4,2148.85,3,1,3,313,Promising
JD-15790,John Dryer,2998,5,2152.35,2,2,3,223,Hibernating customers
NM-18520,Neoma Murray,3125,10,2161.98,1,5,3,153,At Risk
EJ-13720,Ed Jacobs,3183,4,2162.17,1,1,3,113,Cannot Lose Them
HA-14905,Helen Abelman,2950,7,2163.3,3,4,3,343,Need Attention
TS-21160,Theresa Swint,3385,6,2163.62,1,3,3,133,At Risk
RP-19855,Roy Phan,2909,8,2170.72,4,4,3,443,Need Attention
DB-12910,Daniel Byrd,2902,8,2171.6,5,4,3,543,Loyal
KN-16450,Kean Nguyen,2933,5,2171.96,4,2,3,423,Potential Loyalist
SH-20395,Shahid Hopkins,2904,10,2180.72,5,5,3,553,Potential Loyalist
PS-18760,Pamela Stobb,2988,6,2181.48,2,3,3,233,Hibernating customers
BT-11395,Bill Tyler,3183,6,2186.61,1,3,3,133,At Risk
GW-14605,Giulietta Weimer,2909,7,2189.02,4,3,3,433,Potential Loyalist
TB-21280,Toby Braunhardt,3464,6,2198.45,1,3,3,133,At Risk
EN-13780,Edward Nazzal,3168,4,2199.37,1,1,3,113,Cannot Lose Them
JR-16210,Justin Ritter,2914,5,2201.69,4,2,3,423,Potential Loyalist
JL-15235,Janet Lee,3000,5,2203.7,2,2,3,223,Hibernating customers
MH-17785,Maya Herman,2979,7,2203.78,3,4,3,343,Need Attention
PF-19225,Phillip Flathmann,2995,5,2206.13,2,2,3,223,Hibernating customers
DP-13105,Dave Poirier,2887,8,2215,5,4,3,543,Loyal
MC-18100,Mick Crebagga,2922,10,2218.98,4,5,3,453,Potential Loyalist
NC-18415,Nathan Cano,2922,6,2218.99,4,3,3,433,Potential Loyalist
GG-14650,Greg Guthrie,2924,9,2224,4,5,3,453,Potential Loyalist
AR-10405,Allen Rosenblatt,3006,5,2236.13,2,2,3,223,Hibernating customers
LW-16825,Laurel Workman,2969,5,2238.06,3,3,3,333,Potential Loyalist
JG-15310,Jason Gross,2883,6,2240.58,5,3,3,533,Potential Loyalist
TS-21505,Tony Sayre,2892,6,2243.27,5,3,3,533,Potential Loyalist
KD-16615,Ken Dana,3170,5,2243.51,1,2,3,123,Hibernating customers
MY-17380,Maribeth Yedwab,2910,7,2254.28,4,3,3,433,Potential Loyalist
JH-16180,Justin Hirsh,3285,4,2256.39,1,2,3,123,Hibernating customers
MC-17605,Matt Connell,2993,8,2258.19,2,4,3,243,At Risk
KM-16225,Kalyca Meade,2895,6,2260.96,5,3,3,533,Potential Loyalist
BE-11410,Bobby Elias,2979,5,2261.44,3,2,3,323,Potential Loyalist
CC-12670,Craig Carreira,2910,7,2269.7,4,3,3,433,Potential Loyalist
FH-14350,Fred Harton,3093,4,2271.28,2,1,3,213,About To Sleep
JF-15190,Jamie Frazer,2946,7,2279.59,3,4,3,343,Need Attention
KN-16705,Kristina Nunn,2979,8,2280.58,3,4,3,343,Need Attention
LH-16900,Lena Hernandez,2902,9,2295.33,5,5,3,553,Potential Loyalist
MK-17905,Michael Kennedy,2909,8,2302.37,4,4,3,443,Need Attention
CM-12235,Chris McAfee,3266,5,2305.71,1,2,3,123,Hibernating customers
DB-13210,Dean Braden,2890,10,2332.58,5,5,3,553,Potential Loyalist
EM-13825,Elizabeth Moffitt,2936,8,2339.6,3,4,3,343,Need Attention
RF-19735,Roland Fjeld,2970,7,2341.3,3,4,3,343,Need Attention
MG-17680,Maureen Gastineau,2973,4,2350.19,3,1,3,313,Promising
CL-12700,Craig Leslie,2986,5,2353.59,2,2,3,223,Hibernating customers
AG-10495,Andrew Gjertsen,2959,8,2356.86,3,4,3,343,Need Attention
JG-15115,Jack Garza,3639,3,2358.68,1,1,3,113,Cannot Lose Them
NR-18550,Nick Radford,3091,5,2367.28,2,2,3,223,Hibernating customers
CV-12805,Cynthia Voltz,2886,9,2370.31,5,5,3,553,Potential Loyalist
JF-15415,Jennifer Ferguson,2883,6,2371.45,5,3,3,533,Potential Loyalist
CK-12595,Clytie Kelty,2924,11,2372.75,4,5,3,453,Potential Loyalist
XP-21865,Xylona Preis,2924,11,2374.66,4,5,3,453,Potential Loyalist
DF-13135,David Flashing,3581,3,2390.53,1,1,3,113,Cannot Lose Them
MH-17290,Marc Harrigan,3000,6,2394.02,2,3,3,233,Hibernating customers
TH-21100,Thea Hendricks,3225,5,2422.82,1,2,3,123,Hibernating customers
MC-17590,Matt Collister,2932,6,2426.07,4,3,3,433,Potential Loyalist
BP-11095,Bart Pistole,2898,12,2442.04,5,5,3,553,Potential Loyalist
MA-17995,Michelle Arnett,3067,6,2453.28,2,3,3,233,Hibernating customers
GZ-14545,George Zrebassa,3038,4,2454.62,2,1,3,213,About To Sleep
VM-21685,Valerie Mitchum,2935,7,2454.87,3,4,3,343,Need Attention
BS-11590,Brendan Sweed,2916,6,2454.93,4,3,3,433,Potential Loyalist
MH-17455,Mark Hamilton,2966,8,2456.18,3,4,3,343,Need Attention
FM-14215,Filia McAdams,2888,10,2456.64,5,5,3,553,Potential Loyalist
NC-18340,Nat Carroll,3105,5,2461.4,2,2,3,223,Hibernating customers
CC-12145,Charles Crestani,2987,7,2471.65,2,4,3,243,At Risk
BP-11290,Beth Paige,2893,7,2475.16,5,3,3,533,Potential Loyalist
MN-17935,Michael Nguyen,2915,6,2477.95,4,3,3,433,Potential Loyalist
NZ-18565,Nick Zandusky,2966,9,2488.31,3,5,3,353,Potential Loyalist
PO-18865,Patrick O'Donnell,2881,7,2493.21,5,3,3,533,Potential Loyalist
AH-10465,Amy Hunt,3111,5,2495.39,1,2,3,123,Hibernating customers
DJ-13510,Don Jones,2929,8,2501.69,4,4,3,443,Need Attention
JS-16030,Joy Smith,2909,6,2516.49,4,3,3,433,Potential Loyalist
JB-16045,Julia Barnett,2888,5,2518.12,5,2,3,523,Promising
FM-14380,Fred McMath,3026,9,2523.27,2,5,3,253,At Risk
HF-14995,Herbert Flentye,2902,7,2533.16,5,3,3,533,Potential Loyalist
CM-12160,Charles McCrossin,2907,6,2533.31,4,3,3,433,Potential Loyalist
AC-10615,Ann Chong,2887,5,2537.69,5,2,3,523,Promising
CC-12610,Corey Catlett,2915,7,2540.63,4,4,3,443,Need Attention
DE-13255,Deanra Eno,3600,5,2550.87,1,2,3,123,Hibernating customers
BS-11755,Bruce Stewart,2882,7,2562.38,5,3,3,533,Potential Loyalist
MZ-17515,Mary Zewe,3163,6,2564.91,1,3,3,133,At Risk
EM-13810,Eleni McCrary,3013,5,2567.01,2,2,3,223,Hibernating customers
BT-11305,Beth Thompson,3217,5,2567.66,1,2,3,123,Hibernating customers
NS-18505,Neola Schneider,2887,4,2575.86,5,2,3,523,Promising
SC-20695,Steve Chapman,2970,10,2576.41,3,5,3,353,Potential Loyalist
LC-16870,Lena Cacioppo,2908,8,2580.7,4,4,3,443,Need Attention
AG-10270,Alejandro Grove,3159,5,2582.9,1,2,3,123,Hibernating customers
HA-14920,Helen Andreada,2901,8,2584.16,5,4,3,543,Loyal
SU-20665,Stephanie Ulpright,2901,7,2595.36,5,3,3,533,Potential Loyalist
SO-20335,Sean O'Donnell,2910,6,2602.58,4,3,3,433,Potential Loyalist
KN-16390,Katherine Nockton,2900,9,2617.27,5,5,3,553,Potential Loyalist
RA-19285,Ralph Arnett,2886,9,2617.91,5,5,3,553,Potential Loyalist
LC-17140,Logan Currie,2894,8,2633.58,5,4,3,543,Loyal
CA-12265,Christina Anderson,2937,9,2648.29,3,5,3,353,Potential Loyalist
DK-13090,Dave Kipp,2923,7,2650.56,4,4,3,443,Need Attention
EJ-14155,Eva Jacobs,2938,5,2656.69,3,2,3,323,Potential Loyalist
RB-19435,Richard Bierner,2900,8,2663.09,5,4,3,543,Loyal
NH-18610,Nicole Hansen,3070,7,2673.29,2,4,3,243,At Risk
FO-14305,Frank Olsen,2919,10,2678.44,4,5,3,453,Potential Loyalist
BO-11350,Bill Overfelt,3018,5,2682.73,2,2,3,223,Hibernating customers
BT-11530,Bradley Talbott,2972,5,2684.49,3,3,3,333,Potential Loyalist
JE-16165,Justin Ellison,2901,3,2697.25,5,1,3,513,Promising
JK-15370,Jay Kimmel,2925,8,2709.63,4,4,3,443,Need Attention
ML-17395,Marina Lichtenstein,2950,9,2722.84,3,5,3,353,Potential Loyalist
JL-15850,John Lucas,3495,6,2725.26,1,3,3,133,At Risk
MC-17275,Marc Crier,2957,8,2725.98,3,4,3,343,Need Attention
LL-16840,Lauren Leatherbury,3130,6,2741.2,1,3,3,133,At Risk
KB-16585,Ken Black,3111,12,2744.74,1,5,3,153,At Risk
MM-18055,Michelle Moray,2942,8,2749.88,3,4,3,343,Need Attention
CS-12250,Chris Selesnick,2907,12,2754.22,4,5,3,453,Potential Loyalist
EB-13870,Emily Burns,2981,10,2767.22,3,5,4,354,Loyal
PF-19165,Philip Fox,3077,6,2770,2,3,4,234,At Risk
JC-15775,John Castell,3039,9,2772.06,2,5,4,254,At Risk
RD-19660,Robert Dilbeck,2995,5,2786.63,2,2,4,224,At Risk
TB-21625,Trudy Brown,2911,9,2797.67,4,5,4,454,Champions
BG-11035,Barry Gonzalez,2909,8,2798.95,4,4,4,444,Loyal
GH-14410,Gary Hansen,2956,9,2819.47,3,5,4,354,Loyal
TS-21610,Troy Staebel,2936,7,2820.42,3,4,4,344,Loyal
CV-12295,Christina VanderZanden,3135,5,2830.63,1,2,4,124,At Risk
JM-16195,Justin MacKendrick,2938,10,2833.93,3,5,4,354,Loyal
DB-12970,Darren Budd,3122,5,2839.23,1,2,4,124,At Risk
LS-16945,Linda Southworth,3059,6,2845.27,2,3,4,234,At Risk
EA-14035,Erin Ashbrook,3033,13,2846.71,2,5,4,254,At Risk
AW-10930,Arthur Wiediger,2927,7,2852.97,4,4,4,444,Loyal
CC-12685,Craig Carroll,3680,4,2854.12,1,2,4,124,At Risk
CC-12430,Chuck Clark,2881,10,2870.05,5,5,4,554,Champions
IM-15055,Ionia McGrath,3290,3,2872.63,1,1,4,114,Cannot Lose Them
PV-18985,Paul Van Hugh,2970,5,2876.05,3,3,4,334,Need Attention
DS-13180,David Smith,2904,9,2881.81,5,5,4,554,Champions
BF-11020,Barry Franzosisch,2955,8,2888.51,3,4,4,344,Loyal
MT-17815,Meg Tillman,2930,6,2890.14,4,3,4,434,Need Attention
ND-18460,Neil Ducich,3064,6,2893.46,2,3,4,234,At Risk
CY-12745,Craig Yedwab,2941,8,2900.03,3,4,4,344,Loyal
RD-19585,Rob Dowd,3061,9,2912.89,2,5,4,254,At Risk
ML-17410,Maris LaWare,2935,6,2921.5,3,3,4,334,Need Attention
SW-20455,Shaun Weien,3043,7,2921.54,2,4,4,244,At Risk
JK-16120,Julie Kriz,2998,10,2932.48,2,5,4,254,At Risk
BC-11125,Becky Castell,3083,9,2933.68,2,5,4,254,At Risk
LT-17110,Liz Thompson,2915,8,2936.25,4,4,4,444,Loyal
TH-21115,Thea Hudgings,2939,4,2942.77,3,1,4,314,Promising
CK-12325,Christine Kargatis,3001,5,2945.32,2,2,4,224,At Risk
TM-21010,Tamara Manning,2984,8,2955.23,2,4,4,244,At Risk
NS-18640,Noel Staavos,3055,12,2964.82,2,5,4,254,At Risk
DB-13120,David Bremer,2929,7,2973.09,4,4,4,444,Loyal
FA-14230,Frank Atkinson,2978,7,2984.05,3,4,4,344,Loyal
MH-18025,Michelle Huthwaite,2930,5,2984.95,4,2,4,424,Promising
LS-16975,Lindsay Shagiari,2901,9,2988.67,5,5,4,554,Champions
CS-11950,Carlos Soltero,2906,11,3036.55,5,5,4,554,Champions
CA-12775,Cynthia Arntzen,3001,7,3041.57,2,4,4,244,At Risk
AS-10045,Aaron Smayling,2969,7,3050.69,3,4,4,344,Loyal
SL-20155,Sara Luxemburg,2951,7,3053.01,3,4,4,344,Loyal
SS-20410,Shahid Shariari,2991,6,3056.81,2,3,4,234,At Risk
KT-16465,Kean Takahito,3272,7,3057.1,1,3,4,134,At Risk
TG-21310,Toby Gnade,3218,5,3058.37,1,2,4,124,At Risk
MG-18145,Mike Gockenbach,2965,4,3061.54,3,1,4,314,Promising
EB-14110,Eugene Barchas,2994,6,3071.13,2,3,4,234,At Risk
GM-14455,Gary Mitchum,2897,6,3078.62,5,3,4,534,Need Attention
EH-14125,Eugene Hildebrand,3033,10,3082.65,2,5,4,254,At Risk
PG-18820,Patrick Gardner,2917,13,3086.91,4,5,4,454,Champions
KH-16360,Katherine Hughes,2882,6,3100.61,5,3,4,534,Need Attention
SG-20605,Speros Goranitis,2989,6,3124.83,2,3,4,234,At Risk
SN-20710,Steve Nguyen,2960,7,3127.96,3,4,4,344,Loyal
TN-21040,Tanja Norvell,2971,7,3130.22,3,4,4,344,Loyal
RD-19900,Ruben Dartt,2995,9,3133.92,2,5,4,254,At Risk
MS-17770,Maxwell Schwartz,3002,9,3144.68,2,5,4,254,At Risk
KB-16240,Karen Bern,2885,6,3152.61,5,3,4,534,Need Attention
CK-12205,Chloris Kastensmidt,2920,13,3154.85,4,5,4,454,Champions
JM-15250,Janet Martin,2918,6,3159.12,4,3,4,434,Need Attention
GM-14680,Greg Matthias,3033,6,3163.63,2,3,4,234,At Risk
JL-15505,Jeremy Lonsdale,2930,6,3173.87,4,3,4,434,Need Attention
DG-13300,Deirdre Greer,2913,5,3195.82,4,2,4,424,Promising
BT-11680,Brian Thompson,2901,7,3196.75,5,3,4,534,Need Attention
CS-12355,Christine Sundaresam,2887,10,3202.16,5,5,4,554,Champions
MP-17470,Mark Packer,3600,7,3206.13,1,3,4,134,At Risk
AS-10285,Alejandro Savely,2900,6,3214.24,5,3,4,534,Need Attention
RS-19420,Ricardo Sperren,2957,5,3221.29,3,3,4,334,Need Attention
LW-16990,Lindsay Williams,2914,6,3230.31,4,3,4,434,Need Attention
SR-20425,Sharelle Roach,2889,5,3233.48,5,2,4,524,Promising
EB-13750,Edward Becker,2916,10,3236.31,4,5,4,454,Champions
CT-11995,Carol Triggs,2977,8,3241.9,3,4,4,344,Loyal
LC-16960,Lindsay Castell,3317,4,3246.63,1,2,4,124,At Risk
HG-14965,Henry Goldwyn,2904,12,3247.64,5,5,4,554,Champions
AH-10075,Adam Hart,2915,10,3250.34,4,5,4,454,Champions
JO-15145,Jack O'Briant,2938,9,3254.95,3,5,4,354,Loyal
AS-10090,Adam Shillingsburg,2909,9,3255.31,4,5,4,454,Champions
DK-12835,Damala Kotsonis,2902,12,3256.48,5,5,4,554,Champions
DL-12925,Daniel Lacy,2938,6,3272.2,3,3,4,334,Need Attention
RW-19630,Rob Williams,2970,9,3279.75,3,5,4,354,Loyal
BS-11665,Brian Stugart,3463,3,3288.11,1,1,4,114,Cannot Lose Them
BD-11605,Brian Dahlen,2978,7,3288.47,3,4,4,344,Loyal
RR-19525,Rick Reed,3051,6,3302.26,2,3,4,234,At Risk
RF-19345,Randy Ferguson,3271,8,3309.15,1,4,4,144,Cannot Lose Them
KH-16330,Katharine Harms,2921,8,3312.86,4,4,4,444,Loyal
DK-13375,Dennis Kane,2900,8,3318.49,5,4,4,544,Champions
AP-10915,Arthur Prichep,2979,10,3323.56,3,5,4,354,Loyal
DC-12850,Dan Campbell,2918,9,3336.17,4,5,4,454,Champions
SF-20965,Sylvia Foulston,2929,9,3336.54,4,5,4,454,Champions
DV-13465,Dianna Vittorini,2910,6,3341.59,4,3,4,434,Need Attention
DJ-13630,Doug Jacobs,2893,3,3356.4,5,1,4,514,Promising
VP-21760,Victoria Pisteka,2956,7,3360.53,3,4,4,344,Loyal
SC-20020,Sam Craven,3662,5,3362.96,1,2,4,124,At Risk
TS-21655,Trudy Schmidt,3119,5,3368.09,1,2,4,124,At Risk
SG-20080,Sandra Glassco,2889,3,3406.58,5,1,4,514,Promising
SH-19975,Sally Hughsby,2910,13,3406.84,4,5,4,454,Champions
FC-14245,Frank Carlisle,2951,7,3418.74,3,4,4,344,Loyal
SF-20200,Sarah Foster,2940,9,3422.79,3,5,4,354,Loyal
PW-19030,Pauline Webber,2927,10,3454.92,4,5,4,454,Champions
ED-13885,Emily Ducich,3016,8,3484.92,2,4,4,244,At Risk
AG-10675,Anna Gayman,2978,7,3489.04,3,4,4,344,Loyal
RW-19690,Robert Waldorf,2960,5,3495.65,3,3,4,334,Need Attention
ES-14020,Erica Smith,2921,5,3510.46,4,2,4,424,Promising
DL-13495,Dionis Lloyd,2957,8,3539.32,3,4,4,344,Loyal
GM-14440,Gary McGarr,2964,7,3582.82,3,4,4,344,Loyal
TB-21175,Thomas Boland,2939,4,3589.3,3,1,4,314,Promising
RH-19495,Rick Hansen,2913,5,3621.38,4,2,4,424,Promising
SZ-20035,Sam Zeldin,2916,11,3625.33,4,5,4,454,Champions
JP-15520,Jeremy Pistek,2889,7,3635.59,5,3,4,534,Need Attention
EB-13705,Ed Braxton,2929,9,3644.98,4,5,4,454,Champions
CS-12400,Christopher Schild,2883,9,3651.86,5,5,4,554,Champions
LP-17095,Liz Preis,2890,7,3653.4,5,3,4,534,Need Attention
BP-11185,Ben Peterman,2882,8,3675.86,5,4,4,544,Champions
HG-15025,Hunter Glantz,2887,7,3690.28,5,3,4,534,Need Attention
SC-20260,Scott Cohen,3068,8,3729.79,2,4,4,244,At Risk
FM-14290,Frank Merwin,2917,9,3736.2,4,5,4,454,Champions
JK-16090,Juliana Krohn,2909,3,3747.67,4,1,4,414,Promising
JK-15625,Jim Karlsson,2942,7,3760.03,3,4,4,344,Loyal
MD-17350,Maribeth Dona,2998,7,3766.38,2,4,4,244,At Risk
MG-17650,Matthew Grinstein,2910,7,3785.28,4,3,4,434,Need Attention
CA-11965,Carol Adams,2977,6,3789.72,3,3,4,334,Need Attention
MM-17920,Michael Moore,2888,11,3794.08,5,5,4,554,Champions
MC-17845,Michael Chen,2882,7,3805.71,5,3,4,534,Need Attention
RO-19780,Rose O'Brian,2916,7,3815.48,4,4,4,444,Loyal
OT-18730,Olvera Toch,2946,5,3818.62,3,3,4,334,Need Attention
AT-10735,Annie Thurman,2894,10,3831.86,5,5,4,554,Champions
RA-19885,Ruben Ausman,2924,7,3832.31,4,4,4,444,Loyal
JS-15880,John Stevenson,3415,5,3868.02,1,2,4,124,At Risk
BS-11380,Bill Stewart,2909,5,3887.83,4,2,4,424,Promising
FC-14335,Fred Chung,3065,7,3889.37,2,4,4,244,At Risk
KC-16540,Kelly Collister,2978,4,3908.26,3,1,4,314,Promising
NP-18670,Nora Paige,2939,5,3908.4,3,2,4,324,Need Attention
DB-13555,Dorothy Badders,2988,7,3908.8,2,4,4,244,At Risk
CC-12220,Chris Cortes,2901,12,3913.42,5,5,4,554,Champions
KH-16630,Ken Heidel,2939,9,3918.97,3,5,4,354,Loyal
GA-14515,George Ashbrook,3030,8,3919.78,2,4,4,244,At Risk
PW-19240,Pierre Wener,3345,7,3922.41,1,3,4,134,At Risk
LF-17185,Luke Foster,2903,7,3930.51,5,3,4,534,Need Attention
SJ-20125,Sanjit Jacobs,2976,12,3949.66,3,5,4,354,Loyal
SC-20305,Sean Christensen,2910,7,3979.06,4,3,4,434,Need Attention
MP-17965,Michael Paige,2953,9,3983.64,3,5,4,354,Loyal
CM-12715,Craig Molinari,3916,4,3984.45,1,2,4,124,At Risk
SP-20920,Susan Pistek,2951,6,3990.69,3,3,4,334,Need Attention
FP-14320,Frank Preis,2904,8,4046.75,5,4,4,544,Champions
DM-13345,Denise Monton,2903,8,4074.47,5,4,4,544,Champions
SV-20785,Stewart Visinsky,3201,9,4105.31,1,5,4,154,Cannot Lose Them
PM-19135,Peter McVee,2932,4,4115.66,4,1,4,414,Promising
MY-18295,Muhammed Yedwab,2952,11,4152.7,3,5,4,354,Loyal
RS-19765,Roland Schwarz,2917,8,4159.77,4,4,4,444,Loyal
GH-14425,Gary Hwang,2931,4,4172.85,4,1,4,414,Promising
JF-15565,Jill Fjeld,2935,8,4198.33,3,4,4,344,Loyal
BE-11335,Bill Eplett,3000,5,4204.68,2,2,4,224,At Risk
TH-21550,Tracy Hopkins,2953,7,4234.1,3,4,4,344,Loyal
CB-12535,Claudia Bergmann,3078,8,4246.46,2,4,4,244,At Risk
FH-14275,Frank Hawley,2918,10,4256.27,4,5,4,454,Champions
AS-10225,Alan Schoenberger,2903,5,4260.78,5,2,4,524,Promising
TC-21295,Toby Carlisle,2908,8,4266.81,4,4,4,444,Loyal
RD-19480,Rick Duston,2953,8,4272.93,3,4,4,344,Loyal
DK-12895,Dana Kaydos,2926,5,4282.18,4,2,4,424,Promising
SP-20860,Sung Pak,2960,10,4282.94,3,5,4,354,Loyal
MA-17560,Matt Abelman,2945,11,4299.16,3,5,5,355,Loyal
ND-18370,Natalie DeCherney,2908,9,4326.14,4,5,5,455,Champions
SR-20740,Steven Roelle,3077,8,4345.89,2,4,5,245,At Risk
GZ-14470,Gary Zandusky,2888,9,4355.15,5,5,5,555,Champions
EB-13840,Ellis Ballard,2971,5,4358.13,3,2,5,325,Need Attention
SC-20230,Scot Coram,3030,4,4371.96,2,1,5,215,Cannot Lose Them
AI-10855,Arianne Irving,2894,10,4375.79,5,5,5,555,Champions
BD-11500,Bradley Drucker,2916,6,4411.24,4,3,5,435,Loyal
KW-16435,Katrina Willman,2977,5,4416.52,3,3,5,335,Loyal
JK-15205,Jamie Kunitz,2942,5,4427.14,3,3,5,335,Loyal
MC-17425,Mark Cousins,3280,5,4432.14,1,2,5,125,At Risk
TP-21130,Theone Pippenger,2889,9,4454.06,5,5,5,555,Champions
SC-20770,Stewart Carmichael,2922,7,4492.66,4,4,5,445,Champions
LC-16930,Linda Cazamias,2922,8,4492.95,4,4,5,445,Champions
AJ-10795,Anthony Johnson,3047,7,4501.39,2,4,5,245,At Risk
AG-10900,Arthur Gainer,2977,10,4510.8,3,5,5,355,Loyal
AR-10825,Anthony Rawles,2939,8,4523.34,3,4,5,345,Loyal
DB-13060,Dave Brooks,2897,7,4531.65,5,3,5,535,Need Attention
EM-14140,Eugene Moren,2929,6,4588.44,4,3,5,435,Loyal
SC-20050,Sample Company A,2921,9,4624.57,4,5,5,455,Champions
KT-16480,Kean Thornton,2981,10,4642.09,3,5,5,355,Loyal
DB-13270,Deborah Brumfield,2934,8,4655.9,3,4,5,345,Loyal
ES-14080,Erin Smith,2909,9,4657.92,4,5,5,455,Champions
RB-19465,Rick Bensley,2890,12,4715.47,5,5,5,555,Champions
GB-14575,Giulietta Baptist,2894,5,4716.29,5,2,5,525,Promising
TB-21520,Tracy Blumstein,2988,9,4737.49,2,5,5,255,At Risk
BW-11110,Bart Watters,3002,8,4750.36,2,4,5,245,At Risk
JK-15640,Jim Kriz,3061,9,4760.43,2,5,5,255,At Risk
SA-20830,Sue Ann Reed,2944,10,4767.34,3,5,5,355,Loyal
RA-19915,Russell Applegate,2893,9,4793.54,5,5,5,555,Champions
DK-13225,Dean Katz,2891,9,4802.39,5,5,5,555,Champions
AH-10210,Alan Hwang,2887,9,4805.34,5,5,5,555,Champions
JK-15730,Joe Kamberova,2965,10,4867.2,3,5,5,355,Loyal
AJ-10780,Anthony Jacobs,2956,7,4867.34,3,4,5,345,Loyal
HK-14890,Heather Kirkland,3032,8,4877.78,2,4,5,245,At Risk
PO-19180,Philisse Overcash,3041,9,4893.04,2,5,5,255,At Risk
KM-16720,Kunst Miller,2909,8,4909.47,4,4,5,445,Champions
TT-21070,Ted Trevino,2912,7,4915.6,4,4,5,445,Champions
IM-15070,Irene Maddox,3271,7,4930.47,1,3,5,135,At Risk
DH-13075,Dave Hallsten,3158,6,4932.87,1,3,5,135,At Risk
LB-16795,Laurel Beltran,3033,8,4985.68,2,4,5,245,At Risk
KL-16555,Kelly Lampkin,2897,8,5016.49,5,4,5,545,Champions
IL-15100,Ivan Liston,3023,7,5040.74,2,4,5,245,At Risk
AA-10645,Anna Andreadi,2936,6,5086.94,3,3,5,335,Loyal
MP-18175,Mike Pelletier,2897,9,5087.92,5,5,5,555,Champions
LR-16915,Lena Radford,2907,6,5142.89,5,3,5,535,Need Attention
RP-19390,Resi Polking,2914,12,5153.08,4,5,5,455,Champions
SC-20725,Steven Cartwright,3068,11,5226.21,2,5,5,255,At Risk
HR-14830,Harold Ryan,3040,7,5248.79,2,4,5,245,At Risk
MW-18235,Mitch Willingham,2925,2,5253.88,4,1,5,415,Promising
DW-13480,Dianna Wilson,3098,5,5271.63,2,2,5,225,At Risk
TW-21025,Tamara Willingham,2945,7,5278.83,3,4,5,345,Loyal
TP-21415,Tom Prescott,2985,5,5329,2,2,5,225,At Risk
MW-18220,Mitch Webber,2898,7,5341.9,5,3,5,535,Need Attention
TT-21460,Tonja Turnell,2893,7,5364.81,5,3,5,535,Need Attention
TS-21205,Thomas Seio,3079,7,5371.09,2,4,5,245,At Risk
CP-12085,Cathy Prescott,2963,8,5402.25,3,4,5,345,Loyal
LW-17215,Luke Weiss,2902,7,5420.51,5,3,5,535,Need Attention
SP-20620,Stefania Perrino,2928,9,5440.32,4,5,5,455,Champions
YC-21895,Yoseph Carroll,2885,5,5454.35,5,2,5,525,Promising
EP-13915,Emily Phan,2893,17,5478.06,5,5,5,555,Champions
DP-13390,Dennis Pardue,3239,9,5480.72,1,5,5,155,Cannot Lose Them
MH-18115,Mick Hernandez,2886,9,5503.09,5,5,5,555,Champions
AC-10450,Amy Cox,2892,7,5527.85,5,3,5,535,Need Attention
NP-18325,Naresj Patel,2906,6,5529.62,5,3,5,535,Need Attention
SM-20950,Suzanne McNair,2906,12,5563.39,5,5,5,555,Champions
AA-10315,Alex Avila,3065,5,5563.56,2,2,5,225,At Risk
KM-16375,Katherine Murray,2937,8,5620.19,3,4,5,345,Loyal
RB-19795,Ross Baird,2913,8,5633.32,4,4,5,445,Champions
AM-10705,Anne McFarland,3043,8,5664.02,2,4,5,245,At Risk
CS-12505,Cindy Stewart,2939,6,5690.05,3,3,5,335,Loyal
BD-11320,Bill Donatelli,2914,12,5718.52,4,5,5,455,Champions
CP-12340,Christine Phan,3041,8,5888.27,2,4,5,245,At Risk
BF-11170,Ben Ferrer,2897,11,5907.97,5,5,5,555,Champions
KH-16510,Keith Herrera,2903,7,5952.86,5,3,5,535,Need Attention
RM-19675,Robert Marley,2887,5,5979.1,5,2,5,525,Promising
KH-16690,Kristen Hastings,2883,7,5990.8,5,3,5,535,Need Attention
SC-20380,Shahid Collister,2911,9,5992.54,4,5,5,455,Champions
GM-14695,Greg Maxwell,2998,3,6049.97,2,1,5,215,Cannot Lose Them
CB-12025,Cassandra Brandow,2928,9,6076.14,4,5,5,455,Champions
AD-10180,Alan Dominguez,2910,8,6106.88,4,4,5,445,Champions
QJ-19255,Quincy Jones,2906,9,6108.34,5,5,5,555,Champions
SD-20485,Shirley Daniels,3081,9,6121.11,2,5,5,255,At Risk
VW-21775,Victoria Wilson,2909,10,6134.04,4,5,5,455,Champions
WB-21850,William Brown,2901,11,6160.1,5,5,5,555,Champions
RL-19615,Rob Lucas,3002,8,6234.91,2,4,5,245,At Risk
BH-11710,Brosina Hoffman,2904,8,6255.35,5,4,5,545,Champions
MJ-17740,Max Jones,2903,7,6320.75,5,3,5,535,Need Attention
CM-12655,Corinna Mitchell,2908,6,6339.56,4,3,5,435,Loyal
DM-13015,Darrin Martin,2938,7,6345.1,3,4,5,345,Loyal
JG-15160,James Galang,2882,10,6366.39,5,5,5,555,Champions
SB-20185,Sarah Brown,3069,6,6411,2,3,5,235,At Risk
VD-21670,Valerie Dominguez,3462,6,6442.25,1,3,5,135,At Risk
NM-18445,Nathan Mautz,3041,7,6459.34,2,4,5,245,At Risk
JA-15970,Joseph Airdo,2973,8,6491.03,3,4,5,345,Loyal
GK-14620,Grace Kelly,2993,9,6497.27,2,5,5,255,At Risk
DR-12880,Dan Reichenbach,2884,9,6528.03,5,5,5,555,Champions
AR-10540,Andy Reiter,2887,6,6608.45,5,3,5,535,Need Attention
YS-21880,Yana Sorensen,2890,8,6720.44,5,4,5,545,Champions
JE-15745,Joel Eaton,2932,13,6760.81,4,5,5,455,Champions
BB-11545,Brenda Bowman,2909,9,6765.73,4,5,5,455,Champions
PS-19045,Penelope Sewall,3117,7,6843.63,1,4,5,145,At Risk
RH-19510,Rick Huthwaite,3348,6,6979.18,1,3,5,135,At Risk
FH-14365,Fred Hopkins,2886,8,6987.2,5,5,5,555,Champions
Dp-13240,Dean percer,2965,11,7198.76,3,5,5,355,Loyal
NW-18400,Natalie Webber,3053,7,7234.01,2,4,5,245,At Risk
PP-18955,Paul Prost,2978,10,7252.61,3,5,5,355,Loyal
BM-11650,Brian Moss,2914,11,7294.18,4,5,5,455,Champions
RW-19540,Rick Wilson,3001,7,7397.4,2,4,5,245,At Risk
MS-17365,Maribeth Schnelling,3154,10,7443.69,1,5,5,155,Cannot Lose Them
PO-18850,Patrick O'Brill,2885,11,7473.83,5,5,5,555,Champions
JD-15895,Jonathan Doherty,3275,11,7610.86,1,5,5,155,Cannot Lose Them
JM-15865,John Murray,2990,7,7625.08,2,4,5,245,At Risk
LC-16885,Lena Creighton,2897,12,7663.13,5,5,5,555,Champions
JW-15220,Jane Waco,2923,6,7721.71,4,3,5,435,Loyal
JE-15610,Jim Epp,2929,7,7754.98,4,4,5,445,Champions
AB-10060,Adam Bellavance,2935,8,7755.62,3,4,5,345,Loyal
AH-10690,Anna Haberlin,3291,12,7888.29,1,5,5,155,Cannot Lose Them
NP-18700,Nora Preis,3019,7,7903.18,2,4,5,245,At Risk
JH-15985,Joseph Holt,2910,6,7955,4,3,5,435,Loyal
ZC-21910,Zuschuss Carroll,2935,13,8025.71,3,5,5,355,Loyal
SB-20290,Sean Braxton,2928,7,8057.89,4,4,5,445,Champions
KD-16495,Keith Dawkins,2993,12,8181.26,2,5,5,255,At Risk
HM-14860,Harry Marie,2883,9,8236.76,5,5,5,555,Champions
NC-18535,Nick Crebassa,2887,7,8241.74,5,3,5,535,Need Attention
KD-16270,Karen Daniels,3365,5,8282.36,1,2,5,125,At Risk
NF-18385,Natalie Fritzler,2960,7,8322.83,3,4,5,345,Loyal
DR-12940,Daniel Raglin,2931,8,8350.87,4,4,5,445,Champions
PK-19075,Pete Kriz,2890,12,8646.93,5,5,5,555,Champions
LA-16780,Laura Armstrong,3035,11,8673.22,2,5,5,255,At Risk
JE-15715,Joe Elijah,2927,9,8697.84,4,5,5,455,Champions
JD-16150,Justin Deggeller,2922,8,8828.03,4,4,5,445,Champions
CM-12385,Christopher Martinez,2918,4,8954.02,4,1,5,415,Promising
PF-19120,Peter Fuller,3716,4,9062.86,1,2,5,125,At Risk
TB-21400,Tom Boeckenhauer,3083,7,9133.99,2,4,5,245,At Risk
HW-14935,Helen Wasserman,2998,8,9300.25,2,4,5,245,At Risk
GT-14635,Grant Thornton,2937,3,9351.21,3,1,5,315,Promising
JL-15835,John Lee,2902,11,9799.92,5,5,5,555,Champions
EH-13765,Edward Hooks,3016,12,10310.88,2,5,5,255,At Risk
BS-11365,Bill Shonely,3439,5,10501.65,1,2,5,125,At Risk
KF-16285,Karen Ferguson,2978,7,10604.27,3,4,5,345,Loyal
ME-17320,Maria Etezadi,2923,10,10663.73,4,5,5,455,Champions
CL-12565,Clay Ludtke,3165,12,10880.55,1,5,5,155,Cannot Lose Them
CJ-12010,Caroline Jumper,3070,8,11164.97,2,4,5,245,At Risk
SV-20365,Seth Vernon,2982,10,11470.95,3,5,5,355,Loyal
BM-11140,Becky Martin,3188,4,11789.63,1,1,5,115,Cannot Lose Them
GT-14710,Greg Tran,2917,10,11820.12,4,5,5,455,Champions
TS-21370,Todd Sumrall,2917,6,11891.75,4,3,5,435,Loyal
CC-12370,Christopher Conant,2924,5,12129.07,4,2,5,425,Promising
SE-20110,Sanjit Engle,2890,11,12209.44,5,5,5,555,Champions
HL-15040,Hunter Lopez,2924,6,12873.3,4,3,5,435,Loyal
SC-20095,Sanjit Chand,3230,9,14142.33,1,5,5,155,Cannot Lose Them
KL-16645,Ken Lonsdale,2928,12,14175.23,4,5,5,455,Champions
AB-10105,Adrian Barton,2922,10,14473.57,4,5,5,455,Champions
TA-21385,Tom Ashbrook,2950,4,14595.62,3,1,5,315,Promising
RB-19360,Raymond Buch,2977,6,15117.34,3,3,5,335,Loyal
TC-20980,Tamara Chand,3280,5,19052.22,1,2,5,125,At Risk
SM-20320,Sean Miller,2960,5,25043.05,3,3,5,335,Loyal
